ID,Timestamp,Source IP,Result,Score,User
1,2026-02-28 09:45:16.948954,manual,Signature Attack,1.0,user1
2,2026-02-28 09:46:20.810472,manual,Signature Attack,1.0,user1
3,2026-02-28 10:35:05.399034,manual,Normal,0.05252732403739929,user1
4,2026-02-28 10:35:26.097349,csv,Normal,0.1116664948246674,user1
5,2026-02-28 10:35:26.137115,csv,Normal,0.12291602516764827,user1
6,2026-02-28 10:35:26.175431,csv,Anomaly Attack,-0.26432198455018374,user1
7,2026-02-28 10:35:26.216127,csv,Anomaly Attack,-0.26432198455018374,user1
8,2026-02-28 10:35:26.224375,csv,Signature Attack,1.0,user1
9,2026-02-28 10:35:26.232453,csv,Signature Attack,1.0,user1
10,2026-02-28 10:35:26.266875,csv,Normal,0.11663609181598533,user1
11,2026-02-28 10:35:26.299985,csv,Anomaly Attack,-0.26432198455018374,user1
12,2026-02-28 11:09:30.930174,simulation,Normal,0.05288020045115821,user1
13,2026-02-28 11:10:03.653949,simulation,Normal,0.054987341401516676,user1
14,2026-02-28 14:14:15.744647,simulation,Signature Attack,1.0,admin
15,2026-02-28 14:31:26.237956,manual,Normal,0.10098321309543323,admin
16,2026-02-28 14:31:45.081923,csv,Normal,0.12365112972407355,admin
17,2026-02-28 14:31:45.121349,csv,Normal,0.12505493685549568,admin
18,2026-02-28 14:31:45.164914,csv,Anomaly Attack,-0.26204377302639414,admin
19,2026-02-28 14:31:45.202253,csv,Anomaly Attack,-0.26204377302639414,admin
20,2026-02-28 14:31:45.211139,csv,Signature Attack,1.0,admin
21,2026-02-28 14:31:45.220121,csv,Signature Attack,1.0,admin
22,2026-02-28 14:31:45.252611,csv,Normal,0.12328328140946171,admin
23,2026-02-28 14:31:45.286049,csv,Anomaly Attack,-0.26204377302639414,admin
24,2026-02-28 14:32:17.843709,csv,Normal,0.12365112972407355,admin
25,2026-02-28 14:32:17.884883,csv,Normal,0.12505493685549568,admin
26,2026-02-28 14:32:17.924410,csv,Anomaly Attack,-0.26204377302639414,admin
27,2026-02-28 14:32:17.961165,csv,Anomaly Attack,-0.26204377302639414,admin
28,2026-02-28 14:32:17.972175,csv,Signature Attack,1.0,admin
29,2026-02-28 14:32:17.979803,csv,Signature Attack,1.0,admin
30,2026-02-28 14:32:18.013744,csv,Normal,0.12328328140946171,admin
31,2026-02-28 14:32:18.054147,csv,Anomaly Attack,-0.26204377302639414,admin
32,2026-02-28 14:32:35.617534,simulation,Signature Attack,1.0,admin
33,2026-02-28 17:54:06.507740,simulation,Signature Attack,1.0,admin
34,2026-02-28 17:54:09.592847,simulation,Normal,0.03266532442375303,admin
35,2026-02-28 17:54:12.581036,simulation,Anomaly Attack,-0.01579366062043741,admin
36,2026-02-28 17:54:15.490925,simulation,Signature Attack,1.0,admin
37,2026-02-28 17:54:18.575912,simulation,Normal,0.06931147255339631,admin
38,2026-02-28 17:54:21.533525,simulation,Normal,0.031030064606407726,admin
39,2026-02-28 17:54:24.531840,simulation,Normal,0.057308124985048614,admin
40,2026-02-28 17:54:27.635420,simulation,Normal,0.05259845463865831,admin
41,2026-02-28 17:54:31.570082,simulation,Anomaly Attack,-0.023274463478614282,admin
42,2026-02-28 17:54:37.761404,simulation,Normal,0.10287601993571849,admin
43,2026-02-28 17:54:39.559539,simulation,Normal,0.044016545183390765,admin
44,2026-02-28 17:54:42.488657,simulation,Signature Attack,1.0,admin
45,2026-02-28 17:54:45.567736,simulation,Normal,0.03104861286163224,admin
46,2026-02-28 17:54:48.503370,simulation,Signature Attack,1.0,admin
47,2026-02-28 17:54:51.496858,simulation,Signature Attack,1.0,admin
48,2026-02-28 17:54:54.517846,simulation,Normal,0.06585602108361044,admin
49,2026-02-28 17:54:57.582852,simulation,Normal,0.01449266498616969,admin
50,2026-02-28 17:55:00.502702,simulation,Signature Attack,1.0,admin
51,2026-02-28 17:55:03.540463,simulation,Anomaly Attack,-0.03155742177537446,admin
52,2026-02-28 17:55:06.491797,simulation,Signature Attack,1.0,admin
53,2026-02-28 17:55:10.430013,simulation,Signature Attack,1.0,admin
54,2026-02-28 17:55:12.531415,simulation,Normal,0.06055948979417625,admin
55,2026-02-28 17:55:15.584995,simulation,Normal,0.006848123550210972,admin
56,2026-02-28 17:55:18.547845,simulation,Normal,0.0773812377931371,admin
57,2026-02-28 17:55:21.578817,simulation,Normal,0.018471447677231856,admin
58,2026-02-28 17:55:24.571834,simulation,Normal,0.018527573836778943,admin
59,2026-02-28 17:55:27.501501,simulation,Signature Attack,1.0,admin
60,2026-02-28 17:55:30.503474,simulation,Signature Attack,1.0,admin
61,2026-02-28 17:55:33.536288,simulation,Anomaly Attack,-0.05680841156386185,admin
62,2026-02-28 17:55:36.546136,simulation,Normal,0.04561899946419207,admin
63,2026-02-28 17:55:39.489236,simulation,Signature Attack,1.0,admin
64,2026-02-28 17:55:42.517246,simulation,Normal,0.07785207389842591,admin
65,2026-02-28 17:55:45.546682,simulation,Normal,0.10224671608420866,admin
66,2026-02-28 17:55:48.504945,simulation,Signature Attack,1.0,admin
67,2026-02-28 17:55:51.515473,simulation,Normal,0.07305496257517702,admin
68,2026-02-28 17:55:54.522109,simulation,Normal,0.05941877653037164,admin
69,2026-02-28 17:55:57.534192,simulation,Normal,0.08550907772220212,admin
70,2026-02-28 17:56:00.577597,simulation,Normal,0.039668479683323765,admin
71,2026-02-28 17:56:03.492508,simulation,Signature Attack,1.0,admin
72,2026-02-28 17:56:06.589011,simulation,Normal,0.03839307447701973,admin
73,2026-02-28 17:56:09.580617,simulation,Anomaly Attack,-0.006186918136118713,admin
74,2026-02-28 17:56:12.571305,simulation,Normal,0.07067751757973378,admin
75,2026-02-28 17:56:15.573490,simulation,Normal,0.06671730520222924,admin
76,2026-02-28 17:56:18.505813,simulation,Signature Attack,1.0,admin
77,2026-02-28 17:56:21.499242,simulation,Signature Attack,1.0,admin
78,2026-02-28 17:56:24.574517,simulation,Normal,0.05451228257107865,admin
79,2026-02-28 17:56:27.568148,simulation,Normal,0.09399575469151666,admin
80,2026-02-28 17:56:30.580824,simulation,Normal,0.052458576473284,admin
81,2026-02-28 17:56:33.498048,simulation,Signature Attack,1.0,admin
82,2026-02-28 17:56:36.492128,simulation,Signature Attack,1.0,admin
83,2026-02-28 17:56:39.574326,simulation,Normal,0.05568748213935287,admin
84,2026-02-28 17:56:42.490171,simulation,Signature Attack,1.0,admin
85,2026-02-28 17:56:45.499097,simulation,Signature Attack,1.0,admin
86,2026-02-28 17:56:48.536654,simulation,Normal,0.06634056954727835,admin
87,2026-02-28 17:56:51.582426,simulation,Anomaly Attack,-0.0395657872017775,admin
88,2026-02-28 17:56:54.538321,simulation,Normal,0.08002668962208975,admin
89,2026-02-28 17:56:57.513520,simulation,Normal,0.06554588812366974,admin
90,2026-02-28 17:57:00.505736,simulation,Signature Attack,1.0,admin
91,2026-02-28 17:57:03.597172,simulation,Normal,0.04524181393827792,admin
92,2026-02-28 17:57:06.569541,simulation,Normal,0.0668202798685617,admin
93,2026-02-28 17:57:11.257700,simulation,Normal,0.11006849670806412,admin
94,2026-02-28 17:57:12.567285,simulation,Normal,0.021456524506894115,admin
95,2026-02-28 17:57:15.493025,simulation,Signature Attack,1.0,admin
96,2026-02-28 17:57:18.494702,simulation,Signature Attack,1.0,admin
97,2026-02-28 17:57:21.572100,simulation,Normal,0.06079069395977593,admin
98,2026-02-28 17:57:24.577154,simulation,Normal,0.05737490377340321,admin
99,2026-02-28 17:57:27.570795,simulation,Normal,0.08972795429579605,admin
100,2026-02-28 17:57:30.499554,simulation,Signature Attack,1.0,admin
101,2026-02-28 17:57:33.613140,simulation,Normal,0.06931370915349055,admin
102,2026-02-28 17:57:36.585989,simulation,Normal,0.09631487217042495,admin
103,2026-02-28 17:57:39.575220,simulation,Normal,0.04679626260356201,admin
104,2026-02-28 17:57:42.497803,simulation,Signature Attack,1.0,admin
105,2026-02-28 17:57:45.570941,simulation,Anomaly Attack,-0.006500248409049059,admin
106,2026-02-28 17:57:48.527848,simulation,Normal,0.018074190609436214,admin
107,2026-02-28 17:57:51.582237,simulation,Normal,0.0629546013244201,admin
108,2026-02-28 17:57:54.492664,simulation,Signature Attack,1.0,admin
109,2026-02-28 17:57:57.485527,simulation,Signature Attack,1.0,admin
110,2026-02-28 17:58:00.546941,simulation,Normal,0.027315397431669608,admin
111,2026-02-28 17:58:03.496870,simulation,Signature Attack,1.0,admin
112,2026-02-28 17:58:06.511056,simulation,Signature Attack,1.0,admin
113,2026-02-28 17:58:09.574633,simulation,Normal,0.061603463106134015,admin
114,2026-02-28 17:58:12.574074,simulation,Anomaly Attack,-0.05669914479215543,admin
115,2026-02-28 17:58:15.539289,simulation,Normal,0.07591726462656073,admin
116,2026-02-28 17:58:18.595694,simulation,Normal,0.05761078195996283,admin
117,2026-02-28 17:58:21.497030,simulation,Signature Attack,1.0,admin
118,2026-02-28 17:58:24.579431,simulation,Normal,0.038475767557403506,admin
119,2026-02-28 17:58:27.579851,simulation,Anomaly Attack,-0.0009666322175089781,admin
120,2026-02-28 17:58:30.570301,simulation,Normal,0.023759483114900004,admin
121,2026-02-28 17:58:33.502976,simulation,Signature Attack,1.0,admin
122,2026-02-28 17:58:36.572279,simulation,Normal,0.031371480854400335,admin
123,2026-02-28 17:58:39.489931,simulation,Signature Attack,1.0,admin
124,2026-02-28 17:58:42.492563,simulation,Signature Attack,1.0,admin
125,2026-02-28 17:58:45.595210,simulation,Normal,0.030471122469848677,admin
126,2026-02-28 17:58:48.496773,simulation,Signature Attack,1.0,admin
127,2026-02-28 17:58:51.573933,simulation,Normal,0.04072392127587887,admin
128,2026-02-28 17:58:54.567733,simulation,Normal,0.04086717551862501,admin
129,2026-02-28 17:58:57.583285,simulation,Anomaly Attack,-0.01138133729986357,admin
130,2026-02-28 17:59:00.576807,simulation,Normal,0.07987674203508616,admin
131,2026-02-28 17:59:03.494009,simulation,Signature Attack,1.0,admin
132,2026-02-28 17:59:06.582908,simulation,Normal,0.03891611554221608,admin
133,2026-02-28 17:59:09.583927,simulation,Normal,0.08076484781219001,admin
134,2026-02-28 17:59:12.496534,simulation,Signature Attack,1.0,admin
135,2026-02-28 17:59:15.563148,simulation,Normal,0.024789196720260864,admin
136,2026-02-28 17:59:18.611889,simulation,Normal,0.06636074018263666,admin
137,2026-02-28 17:59:21.581417,simulation,Normal,0.05346637560739348,admin
138,2026-02-28 17:59:24.546490,simulation,Anomaly Attack,-0.0054278958646194475,admin
139,2026-02-28 17:59:27.492985,simulation,Signature Attack,1.0,admin
140,2026-02-28 17:59:30.564616,simulation,Anomaly Attack,-0.04546092900067622,admin
141,2026-02-28 17:59:33.500838,simulation,Signature Attack,1.0,admin
142,2026-02-28 17:59:36.575399,simulation,Normal,0.019020623800921455,admin
143,2026-02-28 17:59:39.569747,simulation,Normal,0.09924583209146626,admin
144,2026-02-28 17:59:42.534298,simulation,Normal,0.07660360252444015,admin
145,2026-02-28 17:59:45.502137,simulation,Signature Attack,1.0,admin
146,2026-02-28 17:59:48.597172,simulation,Normal,0.035739603253783336,admin
147,2026-02-28 17:59:51.507091,simulation,Signature Attack,1.0,admin
148,2026-02-28 17:59:54.542311,simulation,Normal,0.02374730699810179,admin
149,2026-02-28 17:59:57.495392,simulation,Signature Attack,1.0,admin
150,2026-02-28 18:00:00.485227,simulation,Signature Attack,1.0,admin
151,2026-02-28 18:00:03.606280,simulation,Normal,0.01156954404855648,admin
152,2026-02-28 18:00:06.488815,simulation,Signature Attack,1.0,admin
153,2026-02-28 18:00:09.565623,simulation,Anomaly Attack,-0.0046062851350202605,admin
154,2026-02-28 18:00:12.585210,simulation,Normal,0.010958004579204317,admin
155,2026-02-28 18:00:15.525286,simulation,Normal,0.07888077959006107,admin
156,2026-02-28 18:00:18.486257,simulation,Signature Attack,1.0,admin
157,2026-02-28 18:00:21.486444,simulation,Signature Attack,1.0,admin
158,2026-02-28 18:00:24.587544,simulation,Anomaly Attack,-0.029046043385861697,admin
159,2026-02-28 18:00:27.581101,simulation,Normal,0.00994723609227638,admin
160,2026-02-28 18:00:30.573032,simulation,Normal,0.08426018295350657,admin
161,2026-02-28 18:00:33.596629,simulation,Normal,0.035693596768392455,admin
162,2026-02-28 18:00:36.572769,simulation,Normal,0.05820833702900269,admin
163,2026-02-28 18:00:39.579249,simulation,Normal,0.032998753873518805,admin
164,2026-02-28 18:00:42.576533,simulation,Normal,0.07607381322875356,admin
165,2026-02-28 18:00:45.570493,simulation,Normal,0.04673252525411015,admin
166,2026-02-28 18:00:48.587155,simulation,Normal,0.054123836649206836,admin
167,2026-02-28 18:00:51.538525,simulation,Normal,0.059967917546489,admin
168,2026-02-28 18:00:54.496658,simulation,Signature Attack,1.0,admin
169,2026-02-28 18:00:57.570016,simulation,Anomaly Attack,-0.003973373326037033,admin
170,2026-02-28 18:01:00.522671,simulation,Normal,0.017175099933196103,admin
171,2026-02-28 18:01:03.501834,simulation,Signature Attack,1.0,admin
172,2026-02-28 18:01:06.576274,simulation,Normal,0.010008611705574821,admin
173,2026-02-28 18:01:09.485170,simulation,Signature Attack,1.0,admin
174,2026-02-28 18:01:12.571441,simulation,Normal,0.07898139565111562,admin
175,2026-02-28 18:01:15.578003,simulation,Normal,0.08696886132119275,admin
176,2026-02-28 18:01:18.592637,simulation,Normal,0.029940167828252318,admin
177,2026-02-28 18:01:21.576353,simulation,Normal,0.07258056108042266,admin
178,2026-02-28 18:01:24.501251,simulation,Signature Attack,1.0,admin
179,2026-02-28 18:01:27.575427,simulation,Normal,0.013847108487342996,admin
180,2026-02-28 18:01:30.496538,simulation,Signature Attack,1.0,admin
181,2026-02-28 18:01:33.600660,simulation,Anomaly Attack,-0.034388384853296095,admin
182,2026-02-28 18:01:36.583025,simulation,Normal,0.026411623732569,admin
183,2026-02-28 18:01:39.580500,simulation,Normal,0.02004789052103978,admin
184,2026-02-28 18:01:42.492915,simulation,Signature Attack,1.0,admin
185,2026-02-28 18:01:45.547135,simulation,Normal,0.07911630595876656,admin
186,2026-02-28 18:01:48.595887,simulation,Normal,0.049296286629464114,admin
187,2026-02-28 18:01:51.572150,simulation,Normal,0.050610912725659485,admin
188,2026-02-28 18:01:54.582397,simulation,Normal,0.0491972432002617,admin
189,2026-02-28 18:01:57.580131,simulation,Normal,0.09185951228470546,admin
190,2026-02-28 18:02:00.574399,simulation,Normal,0.05371879682368963,admin
191,2026-02-28 18:02:03.557981,simulation,Normal,0.07374611398064113,admin
192,2026-02-28 18:02:06.596637,simulation,Normal,0.10320579137343627,admin
193,2026-02-28 18:02:09.496548,simulation,Signature Attack,1.0,admin
194,2026-02-28 18:02:12.581285,simulation,Normal,0.06834794205567912,admin
195,2026-02-28 18:02:15.581627,simulation,Normal,0.02508801505905006,admin
196,2026-02-28 18:02:18.536885,simulation,Normal,0.028619241756249247,admin
197,2026-02-28 18:02:21.488009,simulation,Signature Attack,1.0,admin
198,2026-02-28 18:02:24.554781,simulation,Normal,0.02667710147473057,admin
199,2026-02-28 18:02:27.573144,simulation,Normal,0.028582761245329935,admin
200,2026-02-28 18:02:30.542403,simulation,Normal,0.031184770355313696,admin
201,2026-02-28 18:02:33.501087,simulation,Signature Attack,1.0,admin
202,2026-02-28 18:02:36.570239,simulation,Normal,0.10541216711274537,admin
203,2026-02-28 18:02:39.497495,simulation,Signature Attack,1.0,admin
204,2026-02-28 18:02:42.527817,simulation,Normal,0.057906653401480046,admin
205,2026-02-28 18:02:45.535733,simulation,Normal,0.04793291347081419,admin
206,2026-02-28 18:02:48.500751,simulation,Signature Attack,1.0,admin
207,2026-02-28 18:02:51.537345,simulation,Normal,0.06807602283738251,admin
208,2026-02-28 18:02:54.543935,simulation,Anomaly Attack,-0.009667411759454902,admin
209,2026-02-28 18:02:57.507382,simulation,Signature Attack,1.0,admin
210,2026-02-28 18:03:00.532384,simulation,Normal,0.085482526036123,admin
211,2026-02-28 18:03:03.507297,simulation,Signature Attack,1.0,admin
212,2026-02-28 18:03:06.538897,simulation,Normal,0.06678077837397872,admin
213,2026-02-28 18:03:09.503242,simulation,Signature Attack,1.0,admin
214,2026-02-28 18:03:12.535107,simulation,Anomaly Attack,-0.02494713441997265,admin
215,2026-02-28 18:03:15.549235,simulation,Normal,0.0866837015300016,admin
216,2026-02-28 18:03:18.492612,simulation,Signature Attack,1.0,admin
217,2026-02-28 18:03:21.514767,simulation,Normal,0.018545894784199324,admin
218,2026-02-28 18:03:24.534701,simulation,Anomaly Attack,-0.01193606606780151,admin
219,2026-02-28 18:03:27.497212,simulation,Signature Attack,1.0,admin
220,2026-02-28 18:03:30.496524,simulation,Signature Attack,1.0,admin
221,2026-02-28 18:03:57.999631,simulation,Signature Attack,1.0,admin
222,2026-02-28 18:03:58.083573,simulation,Normal,0.010752246905103457,admin
223,2026-02-28 18:04:00.585657,simulation,Anomaly Attack,-0.02432554260071118,admin
224,2026-02-28 18:04:03.538279,simulation,Normal,0.06945289046527453,admin
225,2026-02-28 18:04:06.538982,simulation,Normal,0.06638710820024535,admin
226,2026-02-28 18:04:09.498273,simulation,Signature Attack,1.0,admin
227,2026-02-28 18:04:12.561876,simulation,Anomaly Attack,-0.01881229008292684,admin
228,2026-02-28 18:04:15.511229,simulation,Normal,0.060466712569006986,admin
229,2026-02-28 18:04:18.522117,simulation,Normal,0.06505528983699133,admin
230,2026-02-28 18:04:21.543606,simulation,Normal,0.11014304439888345,admin
231,2026-02-28 18:04:24.504088,simulation,Signature Attack,1.0,admin
232,2026-02-28 18:04:27.539020,simulation,Normal,0.0814119520590939,admin
233,2026-02-28 18:04:30.531017,simulation,Normal,0.0773424551512139,admin
234,2026-02-28 18:04:33.527109,simulation,Normal,0.05536945671944821,admin
235,2026-02-28 18:04:36.577676,simulation,Normal,0.0552753465440014,admin
236,2026-02-28 18:04:39.541647,simulation,Normal,0.038048077743943365,admin
237,2026-02-28 18:04:42.501011,simulation,Signature Attack,1.0,admin
238,2026-02-28 18:04:45.573518,simulation,Normal,0.006660515210767326,admin
239,2026-02-28 18:04:48.491976,simulation,Signature Attack,1.0,admin
240,2026-02-28 18:04:51.581810,simulation,Normal,0.08646584382657552,admin
241,2026-02-28 18:04:54.551938,simulation,Normal,0.11025671709876339,admin
242,2026-02-28 18:04:57.571150,simulation,Normal,0.0612021023482795,admin
243,2026-02-28 18:05:00.493784,simulation,Signature Attack,1.0,admin
244,2026-02-28 18:05:03.549625,simulation,Normal,0.09689736379014047,admin
245,2026-02-28 18:05:06.574416,simulation,Normal,0.045965564910730505,admin
246,2026-02-28 18:05:52.148487,simulation,Normal,0.06856786716411417,admin
247,2026-03-03 08:31:44.734659,manual,Signature Attack,1.0,admin
248,2026-03-03 09:28:37.435076,csv,Normal,0.12365112972407355,admin
249,2026-03-03 09:28:37.478840,csv,Normal,0.12505493685549568,admin
250,2026-03-03 09:28:37.519331,csv,Anomaly Attack,-0.26204377302639414,admin
251,2026-03-03 09:28:37.570376,csv,Anomaly Attack,-0.26204377302639414,admin
252,2026-03-03 09:28:37.582617,csv,Signature Attack,1.0,admin
253,2026-03-03 09:28:37.591791,csv,Signature Attack,1.0,admin
254,2026-03-03 09:28:37.641514,csv,Normal,0.12328328140946171,admin
255,2026-03-03 09:28:37.683119,csv,Anomaly Attack,-0.26204377302639414,admin
256,2026-03-03 09:31:46.389662,csv,Normal,0.12365112972407355,admin
257,2026-03-03 09:31:46.438542,csv,Normal,0.12505493685549568,admin
258,2026-03-03 09:31:46.473242,csv,Anomaly Attack,-0.26204377302639414,admin
259,2026-03-03 09:31:46.514316,csv,Anomaly Attack,-0.26204377302639414,admin
260,2026-03-03 09:31:46.522289,csv,Signature Attack,1.0,admin
261,2026-03-03 09:31:46.532085,csv,Signature Attack,1.0,admin
262,2026-03-03 09:31:46.564788,csv,Normal,0.12328328140946171,admin
263,2026-03-03 09:31:46.598790,csv,Anomaly Attack,-0.26204377302639414,admin
264,2026-03-03 12:16:27.261600,csv,Normal,0.12365112972407355,admin
265,2026-03-03 12:16:27.325222,csv,Normal,0.12505493685549568,admin
266,2026-03-03 12:16:27.383874,csv,Anomaly Attack,-0.26204377302639414,admin
267,2026-03-03 12:16:27.448740,csv,Anomaly Attack,-0.26204377302639414,admin
268,2026-03-03 12:16:27.458836,csv,Signature Attack,1.0,admin
269,2026-03-03 12:16:27.466618,csv,Signature Attack,1.0,admin
270,2026-03-03 12:16:27.523189,csv,Normal,0.12328328140946171,admin
271,2026-03-03 12:16:27.568764,csv,Anomaly Attack,-0.26204377302639414,admin
272,2026-03-03 12:48:43.036437,csv,Normal,0.12365112972407355,admin
273,2026-03-03 12:48:43.079473,csv,Normal,0.12505493685549568,admin
274,2026-03-03 12:48:43.122177,csv,Anomaly Attack,-0.26204377302639414,admin
275,2026-03-03 12:48:43.163338,csv,Anomaly Attack,-0.26204377302639414,admin
276,2026-03-03 12:48:43.176789,csv,Signature Attack,1.0,admin
277,2026-03-03 12:48:43.185369,csv,Signature Attack,1.0,admin
278,2026-03-03 12:48:43.221839,csv,Normal,0.12328328140946171,admin
279,2026-03-03 12:48:43.256660,csv,Anomaly Attack,-0.26204377302639414,admin
280,2026-03-03 13:39:23.037851,csv,Normal,0.12365112972407355,admin
281,2026-03-03 13:39:23.099746,csv,Normal,0.12505493685549568,admin
282,2026-03-03 13:39:23.137725,csv,Anomaly Attack,-0.26204377302639414,admin
283,2026-03-03 13:39:23.177757,csv,Anomaly Attack,-0.26204377302639414,admin
284,2026-03-03 13:39:23.186980,csv,Signature Attack,1.0,admin
285,2026-03-03 13:39:23.198342,csv,Signature Attack,1.0,admin
286,2026-03-03 13:39:23.227296,csv,Normal,0.12328328140946171,admin
287,2026-03-03 13:39:23.264087,csv,Anomaly Attack,-0.26204377302639414,admin
288,2026-03-03 13:48:53.285805,csv,Normal,0.12365112972407355,admin
289,2026-03-03 13:48:53.325684,csv,Normal,0.12505493685549568,admin
290,2026-03-03 13:48:53.366063,csv,Anomaly Attack,-0.26204377302639414,admin
291,2026-03-03 13:48:53.410184,csv,Anomaly Attack,-0.26204377302639414,admin
292,2026-03-03 13:48:53.418190,csv,Signature Attack,1.0,admin
293,2026-03-03 13:48:53.428310,csv,Signature Attack,1.0,admin
294,2026-03-03 13:48:53.460013,csv,Normal,0.12328328140946171,admin
295,2026-03-03 13:48:53.492504,csv,Anomaly Attack,-0.26204377302639414,admin
296,2026-03-03 13:59:18.740233,csv,Normal,0.12365112972407355,admin
297,2026-03-03 13:59:18.786543,csv,Normal,0.12505493685549568,admin
298,2026-03-03 13:59:18.823732,csv,Anomaly Attack,-0.26204377302639414,admin
299,2026-03-03 13:59:18.859432,csv,Anomaly Attack,-0.26204377302639414,admin
300,2026-03-03 13:59:18.871345,csv,Signature Attack,1.0,admin
301,2026-03-03 13:59:18.877756,csv,Signature Attack,1.0,admin
302,2026-03-03 13:59:18.914401,csv,Normal,0.12328328140946171,admin
303,2026-03-03 13:59:18.953494,csv,Anomaly Attack,-0.26204377302639414,admin
304,2026-03-03 14:03:52.208244,csv,Normal,0.12365112972407355,admin
305,2026-03-03 14:03:52.252496,csv,Normal,0.12505493685549568,admin
306,2026-03-03 14:03:52.304651,csv,Anomaly Attack,-0.26204377302639414,admin
307,2026-03-03 14:03:52.342103,csv,Anomaly Attack,-0.26204377302639414,admin
308,2026-03-03 14:03:52.354155,csv,Signature Attack,1.0,admin
309,2026-03-03 14:03:52.364387,csv,Signature Attack,1.0,admin
310,2026-03-03 14:03:52.401690,csv,Normal,0.12328328140946171,admin
311,2026-03-03 14:03:52.442329,csv,Anomaly Attack,-0.26204377302639414,admin
312,2026-03-03 14:05:06.424578,csv,Normal,0.12365112972407355,admin
313,2026-03-03 14:05:06.463779,csv,Normal,0.12505493685549568,admin
314,2026-03-03 14:05:06.498031,csv,Anomaly Attack,-0.26204377302639414,admin
315,2026-03-03 14:05:06.538264,csv,Anomaly Attack,-0.26204377302639414,admin
316,2026-03-03 14:05:06.547589,csv,Signature Attack,1.0,admin
317,2026-03-03 14:05:06.558675,csv,Signature Attack,1.0,admin
318,2026-03-03 14:05:06.593400,csv,Normal,0.12328328140946171,admin
319,2026-03-03 14:05:06.627609,csv,Anomaly Attack,-0.26204377302639414,admin
320,2026-03-03 14:29:09.255472,csv,Normal,0.12365112972407355,admin
321,2026-03-03 14:29:09.306050,csv,Normal,0.12505493685549568,admin
322,2026-03-03 14:29:09.355228,csv,Anomaly Attack,-0.26204377302639414,admin
323,2026-03-03 14:29:09.404040,csv,Anomaly Attack,-0.26204377302639414,admin
324,2026-03-03 14:29:09.415817,csv,Signature Attack,1.0,admin
325,2026-03-03 14:29:09.425151,csv,Signature Attack,1.0,admin
326,2026-03-03 14:29:09.480078,csv,Normal,0.12328328140946171,admin
327,2026-03-03 14:29:09.529758,csv,Anomaly Attack,-0.26204377302639414,admin
328,2026-03-03 14:29:58.345289,manual,Normal,0.10973570447419567,admin
329,2026-03-03 14:47:19.205816,csv,Normal,0.12365112972407355,user1
330,2026-03-03 14:47:19.277290,csv,Normal,0.12505493685549568,user1
331,2026-03-03 14:47:19.340616,csv,Anomaly Attack,-0.26204377302639414,user1
332,2026-03-03 14:47:19.383721,csv,Anomaly Attack,-0.26204377302639414,user1
333,2026-03-03 14:47:19.395657,csv,Signature Attack,1.0,user1
334,2026-03-03 14:47:19.404759,csv,Signature Attack,1.0,user1
335,2026-03-03 14:47:19.452994,csv,Normal,0.12328328140946171,user1
336,2026-03-03 14:47:19.525936,csv,Anomaly Attack,-0.26204377302639414,user1
337,2026-03-03 16:28:59.676268,csv,Normal,0.12365112972407355,admin
338,2026-03-03 16:28:59.714250,csv,Normal,0.12505493685549568,admin
339,2026-03-03 16:28:59.765559,csv,Anomaly Attack,-0.26204377302639414,admin
340,2026-03-03 16:28:59.813387,csv,Anomaly Attack,-0.26204377302639414,admin
341,2026-03-03 16:28:59.822699,csv,Signature Attack,1.0,admin
342,2026-03-03 16:28:59.833010,csv,Signature Attack,1.0,admin
343,2026-03-03 16:28:59.873181,csv,Normal,0.12328328140946171,admin
344,2026-03-03 16:28:59.922319,csv,Anomaly Attack,-0.26204377302639414,admin
345,2026-03-03 16:29:45.982320,csv,Normal,0.12365112972407355,admin
346,2026-03-03 16:29:46.031808,csv,Normal,0.12505493685549568,admin
347,2026-03-03 16:29:46.093328,csv,Anomaly Attack,-0.26204377302639414,admin
348,2026-03-03 16:29:46.141619,csv,Anomaly Attack,-0.26204377302639414,admin
349,2026-03-03 16:29:46.152092,csv,Signature Attack,1.0,admin
350,2026-03-03 16:29:46.162619,csv,Signature Attack,1.0,admin
351,2026-03-03 16:29:46.221365,csv,Normal,0.12328328140946171,admin
352,2026-03-03 16:29:46.270747,csv,Anomaly Attack,-0.26204377302639414,admin
353,2026-03-07 11:38:46.543500,manual,Normal,0.10838588540837502,admin
354,2026-03-07 11:39:25.643739,manual,Signature Attack,1.0,admin
355,2026-03-07 11:47:03.217234,csv,Normal,0.12365112972407355,user
356,2026-03-07 11:47:03.270867,csv,Normal,0.12505493685549568,user
357,2026-03-07 11:47:03.312510,csv,Anomaly Attack,-0.26204377302639414,user
358,2026-03-07 11:47:03.357438,csv,Anomaly Attack,-0.26204377302639414,user
359,2026-03-07 11:47:03.370990,csv,Signature Attack,1.0,user
360,2026-03-07 11:47:03.380367,csv,Signature Attack,1.0,user
361,2026-03-07 11:47:03.414246,csv,Normal,0.12328328140946171,user
362,2026-03-07 11:47:03.457610,csv,Anomaly Attack,-0.26204377302639414,user
363,2026-03-07 12:32:18.651107,manual,Normal,0.11337082043347568,admin
364,2026-03-07 12:33:41.389604,manual,Signature Attack,1.0,admin
365,2026-03-07 12:34:48.322352,csv,Normal,0.12365112972407355,admin
366,2026-03-07 12:34:48.367497,csv,Normal,0.12505493685549568,admin
367,2026-03-07 12:34:48.408165,csv,Anomaly Attack,-0.26204377302639414,admin
368,2026-03-07 12:34:48.448551,csv,Anomaly Attack,-0.26204377302639414,admin
369,2026-03-07 12:34:48.457172,csv,Signature Attack,1.0,admin
370,2026-03-07 12:34:48.468432,csv,Signature Attack,1.0,admin
371,2026-03-07 12:34:48.502970,csv,Normal,0.12328328140946171,admin
372,2026-03-07 12:34:48.542248,csv,Anomaly Attack,-0.26204377302639414,admin
373,2026-03-07 14:08:11.582412,csv,Normal,0.12365112972407355,admin
374,2026-03-07 14:08:11.625436,csv,Normal,0.12505493685549568,admin
375,2026-03-07 14:08:11.665635,csv,Anomaly Attack,-0.26204377302639414,admin
376,2026-03-07 14:08:11.708980,csv,Anomaly Attack,-0.26204377302639414,admin
377,2026-03-07 14:08:11.719031,csv,Signature Attack,1.0,admin
378,2026-03-07 14:08:11.727526,csv,Signature Attack,1.0,admin
379,2026-03-07 14:08:11.767769,csv,Normal,0.12328328140946171,admin
380,2026-03-07 14:08:11.804865,csv,Anomaly Attack,-0.26204377302639414,admin
381,2026-03-07 14:09:08.640420,manual,Signature Attack,1.0,admin
382,2026-03-07 14:09:48.031631,manual,Normal,0.11178303896897018,admin
383,2026-03-08 17:57:12.344586,csv,Normal,0.12365112972407355,admin
384,2026-03-08 17:57:12.388544,csv,Normal,0.12505493685549568,admin
385,2026-03-08 17:57:12.425579,csv,Anomaly Attack,-0.26204377302639414,admin
386,2026-03-08 17:57:12.467909,csv,Anomaly Attack,-0.26204377302639414,admin
387,2026-03-08 17:57:12.479568,csv,Signature Attack,1.0,admin
388,2026-03-08 17:57:12.489054,csv,Signature Attack,1.0,admin
389,2026-03-08 17:57:12.520639,csv,Normal,0.12328328140946171,admin
390,2026-03-08 17:57:12.550018,csv,Anomaly Attack,-0.26204377302639414,admin
391,2026-03-08 18:58:30.039923,csv,Normal,0.12365112972407355,admin
392,2026-03-08 18:58:30.081596,csv,Normal,0.12505493685549568,admin
393,2026-03-08 18:58:30.124105,csv,Anomaly Attack,-0.26204377302639414,admin
394,2026-03-08 18:58:30.162324,csv,Anomaly Attack,-0.26204377302639414,admin
395,2026-03-08 18:58:30.173003,csv,Signature Attack,1.0,admin
396,2026-03-08 18:58:30.180418,csv,Signature Attack,1.0,admin
397,2026-03-08 18:58:30.220436,csv,Normal,0.12328328140946171,admin
398,2026-03-08 18:58:30.253748,csv,Anomaly Attack,-0.26204377302639414,admin
399,2026-03-08 18:59:33.714733,manual,Signature Attack,1.0,admin
400,2026-03-09 07:12:51.379700,csv,Normal,0.12365112972407355,admin
401,2026-03-09 07:12:51.418300,csv,Normal,0.12505493685549568,admin
402,2026-03-09 07:12:51.458559,csv,Anomaly Attack,-0.26204377302639414,admin
403,2026-03-09 07:12:51.501891,csv,Anomaly Attack,-0.26204377302639414,admin
404,2026-03-09 07:12:51.512970,csv,Signature Attack,1.0,admin
405,2026-03-09 07:12:51.520221,csv,Signature Attack,1.0,admin
406,2026-03-09 07:12:51.556972,csv,Normal,0.12328328140946171,admin
407,2026-03-09 07:12:51.592554,csv,Anomaly Attack,-0.26204377302639414,admin
408,2026-03-09 08:31:28.354549,csv,Normal,0.12365112972407355,admin
409,2026-03-09 08:31:28.395231,csv,Normal,0.12505493685549568,admin
410,2026-03-09 08:31:28.443957,csv,Anomaly Attack,-0.26204377302639414,admin
411,2026-03-09 08:31:28.481849,csv,Anomaly Attack,-0.26204377302639414,admin
412,2026-03-09 08:31:28.491721,csv,Signature Attack,1.0,admin
413,2026-03-09 08:31:28.499059,csv,Signature Attack,1.0,admin
414,2026-03-09 08:31:28.531596,csv,Normal,0.12328328140946171,admin
415,2026-03-09 08:31:28.571433,csv,Anomaly Attack,-0.26204377302639414,admin
416,2026-03-09 08:34:01.094464,csv,Normal,0.12365112972407355,admin
417,2026-03-09 08:34:01.144326,csv,Normal,0.12505493685549568,admin
418,2026-03-09 08:34:01.182589,csv,Anomaly Attack,-0.26204377302639414,admin
419,2026-03-09 08:34:01.220484,csv,Anomaly Attack,-0.26204377302639414,admin
420,2026-03-09 08:34:01.229976,csv,Signature Attack,1.0,admin
421,2026-03-09 08:34:01.236360,csv,Signature Attack,1.0,admin
422,2026-03-09 08:34:01.272197,csv,Normal,0.12328328140946171,admin
423,2026-03-09 08:34:01.306431,csv,Anomaly Attack,-0.26204377302639414,admin
424,2026-03-09 08:38:35.382313,manual,Normal,0.11275897376910943,admin
425,2026-03-09 17:26:51.448718,csv,Normal,0.12365112972407355,admin
426,2026-03-09 17:26:51.488793,csv,Normal,0.12505493685549568,admin
427,2026-03-09 17:26:51.529384,csv,Anomaly Attack,-0.26204377302639414,admin
428,2026-03-09 17:26:51.567802,csv,Anomaly Attack,-0.26204377302639414,admin
429,2026-03-09 17:26:51.576934,csv,Signature Attack,1.0,admin
430,2026-03-09 17:26:51.584255,csv,Signature Attack,1.0,admin
431,2026-03-09 17:26:51.619743,csv,Normal,0.12328328140946171,admin
432,2026-03-09 17:26:51.661390,csv,Anomaly Attack,-0.26204377302639414,admin
433,2026-03-20 13:37:01.108056,manual,Signature Attack,1.0,admin
434,2026-03-20 13:37:17.531115,csv,Normal,0.12365112972407355,admin
435,2026-03-20 13:37:17.572227,csv,Normal,0.12505493685549568,admin
436,2026-03-20 13:37:17.611615,csv,Anomaly Attack,-0.26204377302639414,admin
437,2026-03-20 13:37:17.654178,csv,Anomaly Attack,-0.26204377302639414,admin
438,2026-03-20 13:37:17.662832,csv,Signature Attack,1.0,admin
439,2026-03-20 13:37:17.671340,csv,Signature Attack,1.0,admin
440,2026-03-20 13:37:17.705721,csv,Normal,0.12328328140946171,admin
441,2026-03-20 13:37:17.742564,csv,Anomaly Attack,-0.26204377302639414,admin
442,2026-03-24 12:58:17.962282,manual,Anomaly Attack,-0.23661746869424816,admin
443,2026-03-24 12:59:45.916305,manual,Signature Attack,1.0,admin
444,2026-03-24 13:12:09.108620,csv,Normal,0.12365112972407355,admin
445,2026-03-24 13:12:09.155547,csv,Normal,0.12505493685549568,admin
446,2026-03-24 13:12:09.188776,csv,Anomaly Attack,-0.26204377302639414,admin
447,2026-03-24 13:12:09.227704,csv,Anomaly Attack,-0.26204377302639414,admin
448,2026-03-24 13:12:09.236066,csv,Signature Attack,1.0,admin
449,2026-03-24 13:12:09.243159,csv,Signature Attack,1.0,admin
450,2026-03-24 13:12:09.274059,csv,Normal,0.12328328140946171,admin
451,2026-03-24 13:12:09.312441,csv,Anomaly Attack,-0.26204377302639414,admin
452,2026-04-18 14:44:46.056767,csv,Normal,0.12365112972407355,admin
453,2026-04-18 14:44:46.107163,csv,Normal,0.12505493685549568,admin
454,2026-04-18 14:44:46.159048,csv,Anomaly Attack,-0.26204377302639414,admin
455,2026-04-18 14:44:46.196040,csv,Anomaly Attack,-0.26204377302639414,admin
456,2026-04-18 14:44:46.207360,csv,Signature Attack,1.0,admin
457,2026-04-18 14:44:46.215831,csv,Signature Attack,1.0,admin
458,2026-04-18 14:44:46.248193,csv,Normal,0.12328328140946171,admin
459,2026-04-18 14:44:46.283701,csv,Anomaly Attack,-0.26204377302639414,admin
460,2026-04-18 15:32:40.798462,csv,Signature Attack,1.0,admin
461,2026-04-18 15:32:40.810583,csv,Signature Attack,1.0,admin
462,2026-04-18 15:32:40.819089,csv,Signature Attack,1.0,admin
463,2026-04-18 15:32:40.827922,csv,Signature Attack,1.0,admin
464,2026-04-18 15:32:40.836333,csv,Signature Attack,1.0,admin
465,2026-04-18 15:33:01.719692,csv,Signature Attack,1.0,admin
466,2026-04-18 15:33:01.740044,csv,Signature Attack,1.0,admin
467,2026-04-18 15:33:01.748082,csv,Signature Attack,1.0,admin
468,2026-04-18 15:33:01.757487,csv,Signature Attack,1.0,admin
469,2026-04-18 15:33:01.765858,csv,Signature Attack,1.0,admin
470,2026-04-18 15:38:29.219590,csv,Normal,0.12365112972407355,admin
471,2026-04-18 15:38:29.261972,csv,Normal,0.12505493685549568,admin
472,2026-04-18 15:38:29.297879,csv,Anomaly Attack,-0.26204377302639414,admin
473,2026-04-18 15:38:29.336679,csv,Anomaly Attack,-0.26204377302639414,admin
474,2026-04-18 15:38:29.346340,csv,Signature Attack,1.0,admin
475,2026-04-18 15:38:29.352789,csv,Signature Attack,1.0,admin
476,2026-04-18 15:38:29.384078,csv,Normal,0.12328328140946171,admin
477,2026-04-18 15:38:29.422941,csv,Anomaly Attack,-0.26204377302639414,admin
478,2026-04-18 15:38:39.079026,csv,Signature Attack,1.0,admin
479,2026-04-18 15:38:39.097299,csv,Signature Attack,1.0,admin
480,2026-04-18 15:38:39.104356,csv,Signature Attack,1.0,admin
481,2026-04-18 15:38:39.114842,csv,Signature Attack,1.0,admin
482,2026-04-18 15:38:39.123138,csv,Signature Attack,1.0,admin
483,2026-04-18 16:09:57.518903,103.56.98.22,Malware Upload,1.0,system
484,2026-04-18 16:10:18.981360,csv,Normal,0.12365112972407355,admin
485,2026-04-18 16:10:19.025736,csv,Normal,0.12505493685549568,admin
486,2026-04-18 16:10:19.068852,csv,Anomaly Attack,-0.26204377302639414,admin
487,2026-04-18 16:10:19.110664,csv,Anomaly Attack,-0.26204377302639414,admin
488,2026-04-18 16:10:19.120959,csv,Signature Attack,1.0,admin
489,2026-04-18 16:10:19.129288,csv,Signature Attack,1.0,admin
490,2026-04-18 16:10:19.164967,csv,Normal,0.12328328140946171,admin
491,2026-04-18 16:10:19.200319,csv,Anomaly Attack,-0.26204377302639414,admin
492,2026-04-18 16:10:24.775460,csv,Signature Attack,1.0,admin
493,2026-04-18 16:10:24.786046,csv,Signature Attack,1.0,admin
494,2026-04-18 16:10:24.792947,csv,Signature Attack,1.0,admin
495,2026-04-18 16:10:24.802520,csv,Signature Attack,1.0,admin
496,2026-04-18 16:10:24.809252,csv,Signature Attack,1.0,admin
497,2026-04-18 16:10:56.130990,91.210.45.77,DDoS,1.0,system
498,2026-04-18 16:11:56.131691,91.210.45.77,DDoS,1.0,system
499,2026-04-18 16:12:56.134319,185.143.223.15,Malware Upload,1.0,system
500,2026-04-18 16:13:56.135010,185.143.223.15,Malware Upload,1.0,system
501,2026-04-18 16:14:56.133640,176.34.120.4,DDoS,1.0,system
502,2026-04-18 16:15:56.144579,45.67.221.9,SQL Injection,1.0,system
503,2026-04-18 16:16:56.129266,103.56.98.22,DDoS,1.0,system
504,2026-04-18 16:17:56.130606,176.34.120.4,Malware Upload,1.0,system
505,2026-04-18 16:18:56.124012,185.143.223.15,DDoS,1.0,system
506,2026-04-18 16:19:56.123060,176.34.120.4,Port Scan,1.0,system
507,2026-04-18 16:20:56.121747,176.34.120.4,Malware Upload,1.0,system
508,2026-04-18 16:21:56.124975,45.67.221.9,Malware Upload,1.0,system
509,2026-04-18 16:22:56.129784,185.143.223.15,Brute Force,1.0,system
510,2026-04-18 16:23:56.121259,176.34.120.4,Brute Force,1.0,system
511,2026-04-18 16:24:56.122536,103.56.98.22,Port Scan,1.0,system
512,2026-04-18 16:25:56.122995,103.56.98.22,Malware Upload,1.0,system
513,2026-04-18 16:26:56.129125,185.143.223.15,SQL Injection,1.0,system
514,2026-04-18 16:27:56.136941,45.67.221.9,Brute Force,1.0,system
515,2026-04-18 16:28:56.128684,103.56.98.22,DDoS,1.0,system
516,2026-04-18 16:29:56.116159,103.56.98.22,Malware Upload,1.0,system
517,2026-04-18 16:30:56.123368,91.210.45.77,Port Scan,1.0,system
518,2026-04-18 16:31:40.488888,176.34.120.4,DDoS,1.0,system
519,2026-04-18 16:31:43.106762,103.56.98.22,Brute Force,1.0,system
520,2026-04-18 16:31:53.099907,176.34.120.4,DDoS,1.0,system
521,2026-04-18 16:32:03.110224,103.56.98.22,Malware Upload,1.0,system
522,2026-04-18 16:32:13.104413,45.67.221.9,Brute Force,1.0,system
523,2026-04-18 16:32:23.097677,91.210.45.77,Brute Force,1.0,system
524,2026-04-18 16:32:33.102742,103.56.98.22,Malware Upload,1.0,system
525,2026-04-18 16:32:56.114918,45.67.221.9,SQL Injection,1.0,system
526,2026-04-18 16:33:56.123338,185.143.223.15,Brute Force,1.0,system
527,2026-04-18 16:34:56.114187,185.143.223.15,Port Scan,1.0,system
528,2026-04-18 16:35:56.120747,91.210.45.77,SQL Injection,1.0,system
529,2026-04-18 16:36:56.133376,91.210.45.77,Port Scan,1.0,system
530,2026-04-18 16:37:56.137399,185.143.223.15,Malware Upload,1.0,system
531,2026-04-18 16:38:56.130943,176.34.120.4,Malware Upload,1.0,system
532,2026-04-18 16:39:56.116761,103.56.98.22,SQL Injection,1.0,system
533,2026-04-18 16:40:56.164314,45.67.221.9,Brute Force,1.0,system
534,2026-04-18 16:41:56.135320,176.34.120.4,Port Scan,1.0,system
535,2026-04-18 16:42:56.125940,176.34.120.4,SQL Injection,1.0,system
536,2026-04-18 16:43:56.122023,103.56.98.22,DDoS,1.0,system
537,2026-04-18 16:44:56.119753,185.143.223.15,DDoS,1.0,system
538,2026-04-18 16:45:56.123888,103.56.98.22,SQL Injection,1.0,system
539,2026-04-18 16:46:56.127330,45.67.221.9,DDoS,1.0,system
540,2026-04-18 16:47:56.126424,103.56.98.22,SQL Injection,1.0,system
541,2026-04-18 16:48:56.132096,91.210.45.77,SQL Injection,1.0,system
542,2026-04-18 16:49:56.123577,103.56.98.22,SQL Injection,1.0,system
543,2026-04-18 16:50:56.134605,45.67.221.9,DDoS,1.0,system
544,2026-04-18 16:51:56.132483,91.210.45.77,Port Scan,1.0,system
545,2026-04-18 16:52:56.126373,176.34.120.4,Brute Force,1.0,system
546,2026-04-18 16:53:56.137420,91.210.45.77,Malware Upload,1.0,system
547,2026-04-18 16:54:56.144069,45.67.221.9,Port Scan,1.0,system
548,2026-04-18 16:55:56.119878,45.67.221.9,Malware Upload,1.0,system
549,2026-04-18 16:56:56.128666,103.56.98.22,Port Scan,1.0,system
550,2026-04-18 16:57:56.132165,45.67.221.9,Malware Upload,1.0,system
551,2026-04-18 16:58:56.123996,176.34.120.4,Brute Force,1.0,system
552,2026-04-18 16:59:56.129928,185.143.223.15,Port Scan,1.0,system
553,2026-04-18 17:00:56.127248,45.67.221.9,Malware Upload,1.0,system
554,2026-04-18 17:01:56.137760,185.143.223.15,SQL Injection,1.0,system
555,2026-04-18 17:02:56.118931,45.67.221.9,Port Scan,1.0,system
556,2026-04-18 17:03:56.119513,91.210.45.77,Malware Upload,1.0,system
557,2026-04-18 17:04:56.148975,91.210.45.77,Brute Force,1.0,system
558,2026-04-18 17:05:56.126710,185.143.223.15,Brute Force,1.0,system
559,2026-04-18 17:06:56.118917,176.34.120.4,Port Scan,1.0,system
560,2026-04-18 17:07:56.130011,45.67.221.9,Port Scan,1.0,system
561,2026-04-18 17:08:56.130964,185.143.223.15,Port Scan,1.0,system
562,2026-04-18 17:09:56.126644,176.34.120.4,Brute Force,1.0,system
563,2026-04-18 17:10:56.132266,91.210.45.77,SQL Injection,1.0,system
564,2026-04-18 17:11:56.129574,176.34.120.4,Brute Force,1.0,system
565,2026-04-18 17:12:56.121756,103.56.98.22,SQL Injection,1.0,system
566,2026-04-18 17:13:56.123906,185.143.223.15,Port Scan,1.0,system
567,2026-04-18 17:14:56.123935,45.67.221.9,SQL Injection,1.0,system
568,2026-04-18 17:15:56.141075,185.143.223.15,SQL Injection,1.0,system
569,2026-04-18 17:16:56.180061,176.34.120.4,Brute Force,1.0,system
570,2026-04-18 17:17:56.128689,185.143.223.15,Port Scan,1.0,system
571,2026-04-18 17:18:56.126845,45.67.221.9,DDoS,1.0,system
572,2026-04-18 17:19:56.139030,103.56.98.22,Port Scan,1.0,system
573,2026-04-18 17:20:56.139894,45.67.221.9,SQL Injection,1.0,system
574,2026-04-18 17:21:56.131732,91.210.45.77,DDoS,1.0,system
575,2026-04-18 17:22:56.124331,91.210.45.77,SQL Injection,1.0,system
576,2026-04-18 17:23:56.126625,103.56.98.22,DDoS,1.0,system
577,2026-04-18 17:24:56.130661,176.34.120.4,Malware Upload,1.0,system
578,2026-04-18 17:25:56.129046,176.34.120.4,SQL Injection,1.0,system
579,2026-04-18 17:26:56.135243,103.56.98.22,DDoS,1.0,system
580,2026-04-18 17:27:56.155942,185.143.223.15,DDoS,1.0,system
581,2026-04-18 17:28:56.132916,185.143.223.15,Port Scan,1.0,system
582,2026-04-18 17:29:56.125264,185.143.223.15,DDoS,1.0,system
583,2026-04-18 17:30:56.153986,45.67.221.9,Brute Force,1.0,system
584,2026-04-18 17:31:56.134980,176.34.120.4,Malware Upload,1.0,system
585,2026-04-18 17:32:56.129420,103.56.98.22,Port Scan,1.0,system
586,2026-04-18 17:33:56.144355,185.143.223.15,DDoS,1.0,system
587,2026-04-18 17:34:56.134613,103.56.98.22,SQL Injection,1.0,system
588,2026-04-18 17:35:56.125890,45.67.221.9,Port Scan,1.0,system
589,2026-04-18 17:36:56.126704,45.67.221.9,Malware Upload,1.0,system
590,2026-04-18 17:37:56.132741,185.143.223.15,Brute Force,1.0,system
591,2026-04-18 17:38:56.124505,103.56.98.22,Malware Upload,1.0,system
592,2026-04-18 17:39:56.136202,103.56.98.22,DDoS,1.0,system
593,2026-04-18 17:40:56.126800,185.143.223.15,Port Scan,1.0,system
594,2026-04-18 17:41:56.127687,176.34.120.4,Port Scan,1.0,system
595,2026-04-18 17:42:56.122934,103.56.98.22,Malware Upload,1.0,system
596,2026-04-18 17:43:56.126348,103.56.98.22,Brute Force,1.0,system
597,2026-04-18 17:44:56.140038,103.56.98.22,Brute Force,1.0,system
598,2026-04-18 17:45:56.120381,103.56.98.22,Malware Upload,1.0,system
599,2026-04-18 17:46:56.134212,103.56.98.22,Port Scan,1.0,system
600,2026-04-18 17:47:56.128758,91.210.45.77,DDoS,1.0,system
601,2026-04-18 17:48:56.142425,103.56.98.22,Port Scan,1.0,system
602,2026-04-18 17:49:56.117197,176.34.120.4,Malware Upload,1.0,system
603,2026-04-18 17:50:56.123981,185.143.223.15,Brute Force,1.0,system
604,2026-04-18 17:51:56.142570,185.143.223.15,SQL Injection,1.0,system
605,2026-04-18 17:52:56.120750,45.67.221.9,SQL Injection,1.0,system
606,2026-04-18 17:53:56.134612,91.210.45.77,Brute Force,1.0,system
607,2026-04-18 17:54:56.144708,91.210.45.77,Brute Force,1.0,system
608,2026-04-18 17:55:56.119158,91.210.45.77,Brute Force,1.0,system
609,2026-04-18 17:56:56.121555,185.143.223.15,SQL Injection,1.0,system
610,2026-04-18 17:57:56.121852,176.34.120.4,DDoS,1.0,system
611,2026-04-18 17:58:56.137374,45.67.221.9,DDoS,1.0,system
612,2026-04-18 17:59:56.119469,185.143.223.15,DDoS,1.0,system
613,2026-04-18 18:00:56.128566,103.56.98.22,DDoS,1.0,system
614,2026-04-18 18:01:56.132337,103.56.98.22,DDoS,1.0,system
615,2026-04-18 18:02:56.132883,45.67.221.9,DDoS,1.0,system
616,2026-04-18 18:03:56.128499,103.56.98.22,Port Scan,1.0,system
617,2026-04-18 18:04:56.146844,176.34.120.4,Port Scan,1.0,system
618,2026-04-18 18:05:56.147592,45.67.221.9,SQL Injection,1.0,system
619,2026-04-18 18:06:56.131411,45.67.221.9,Port Scan,1.0,system
620,2026-04-18 18:07:56.132846,45.67.221.9,Malware Upload,1.0,system
621,2026-04-18 18:08:56.127382,176.34.120.4,SQL Injection,1.0,system
622,2026-04-18 18:09:56.146532,45.67.221.9,SQL Injection,1.0,system
623,2026-04-18 18:10:56.118913,91.210.45.77,SQL Injection,1.0,system
624,2026-04-18 18:11:56.132158,103.56.98.22,SQL Injection,1.0,system
625,2026-04-18 18:12:56.195831,45.67.221.9,Port Scan,1.0,system
626,2026-04-18 18:13:56.130980,45.67.221.9,SQL Injection,1.0,system
627,2026-04-18 18:14:56.136544,103.56.98.22,DDoS,1.0,system
628,2026-04-18 18:15:56.119878,176.34.120.4,Brute Force,1.0,system
629,2026-04-18 18:16:56.145230,91.210.45.77,Malware Upload,1.0,system
630,2026-04-18 18:17:56.133854,185.143.223.15,DDoS,1.0,system
631,2026-04-18 18:18:56.131055,91.210.45.77,DDoS,1.0,system
632,2026-04-18 18:19:56.123798,103.56.98.22,Brute Force,1.0,system
633,2026-04-18 18:20:56.129033,185.143.223.15,DDoS,1.0,system
634,2026-04-18 18:21:56.163916,103.56.98.22,SQL Injection,1.0,system
635,2026-04-18 18:22:56.140386,176.34.120.4,SQL Injection,1.0,system
636,2026-04-18 18:23:56.125202,176.34.120.4,Brute Force,1.0,system
637,2026-04-18 18:24:56.140415,103.56.98.22,SQL Injection,1.0,system
638,2026-04-18 18:25:56.118136,45.67.221.9,SQL Injection,1.0,system
639,2026-04-18 18:26:56.128046,185.143.223.15,Malware Upload,1.0,system
640,2026-04-18 18:27:56.128492,103.56.98.22,SQL Injection,1.0,system
641,2026-04-18 18:28:56.119142,176.34.120.4,Brute Force,1.0,system
642,2026-04-18 18:29:56.116131,176.34.120.4,SQL Injection,1.0,system
643,2026-04-18 18:30:56.132914,91.210.45.77,Brute Force,1.0,system
644,2026-04-18 18:31:56.188558,103.56.98.22,Port Scan,1.0,system
645,2026-04-18 18:32:56.134218,176.34.120.4,Port Scan,1.0,system
646,2026-04-18 18:33:56.147253,103.56.98.22,Port Scan,1.0,system
647,2026-04-18 18:34:56.148544,45.67.221.9,DDoS,1.0,system
648,2026-04-18 18:35:56.126929,176.34.120.4,DDoS,1.0,system
649,2026-04-18 18:36:56.130006,176.34.120.4,Port Scan,1.0,system
650,2026-04-18 18:37:56.129087,176.34.120.4,Port Scan,1.0,system
651,2026-04-18 18:38:56.124445,176.34.120.4,DDoS,1.0,system
652,2026-04-18 18:39:56.120304,91.210.45.77,DDoS,1.0,system
653,2026-04-18 18:40:56.133377,176.34.120.4,DDoS,1.0,system
654,2026-04-18 18:41:56.127809,45.67.221.9,Malware Upload,1.0,system
655,2026-04-18 18:42:56.134946,103.56.98.22,Malware Upload,1.0,system
656,2026-04-18 18:43:56.142662,91.210.45.77,Malware Upload,1.0,system
657,2026-04-18 18:44:56.141131,185.143.223.15,DDoS,1.0,system
658,2026-04-18 18:45:56.127145,91.210.45.77,Port Scan,1.0,system
659,2026-04-18 18:46:56.129139,185.143.223.15,Malware Upload,1.0,system
660,2026-04-18 18:47:56.125928,91.210.45.77,Malware Upload,1.0,system
661,2026-04-18 18:48:56.185367,45.67.221.9,Port Scan,1.0,system
662,2026-04-21 05:29:00.882312,45.67.221.9,Port Scan,1.0,system
663,2026-04-21 05:29:10.895433,103.56.98.22,Brute Force,1.0,system
664,2026-04-21 05:29:20.876592,103.56.98.22,SQL Injection,1.0,system
665,2026-04-21 05:29:30.877062,91.210.45.77,DDoS,1.0,system
666,2026-04-21 05:29:40.878069,185.143.223.15,Port Scan,1.0,system
667,2026-04-21 05:29:50.880744,45.67.221.9,Brute Force,1.0,system
668,2026-04-21 05:30:00.882544,45.67.221.9,SQL Injection,1.0,system
669,2026-04-21 05:30:10.883141,91.210.45.77,SQL Injection,1.0,system
670,2026-04-21 05:30:20.878860,103.56.98.22,Port Scan,1.0,system
671,2026-04-21 05:30:23.216667,45.67.221.9,Brute Force,1.0,system
672,2026-04-21 05:31:21.440235,45.67.221.9,Brute Force,1.0,system
673,2026-04-21 05:31:31.460526,185.143.223.15,Port Scan,1.0,system
674,2026-04-21 05:31:41.443921,176.34.120.4,Brute Force,1.0,system
675,2026-04-21 05:31:51.467992,176.34.120.4,Brute Force,1.0,system
676,2026-04-21 05:32:01.472239,176.34.120.4,SQL Injection,1.0,system
677,2026-04-21 05:32:11.448290,45.67.221.9,DDoS,1.0,system
678,2026-04-21 05:32:32.936409,176.34.120.4,Malware Upload,1.0,system
679,2026-04-21 05:32:47.796263,csv,Signature Attack,1.0,admin
680,2026-04-21 05:32:47.807644,csv,Signature Attack,1.0,admin
681,2026-04-21 05:32:47.820918,csv,Signature Attack,1.0,admin
682,2026-04-21 05:32:47.828518,csv,Signature Attack,1.0,admin
683,2026-04-21 05:32:47.838446,csv,Signature Attack,1.0,admin
684,2026-04-21 05:32:47.845736,csv,Signature Attack,1.0,admin
685,2026-04-21 05:32:47.854173,csv,Signature Attack,1.0,admin
686,2026-04-21 05:32:47.861295,csv,Signature Attack,1.0,admin
687,2026-04-21 05:32:47.870072,csv,Signature Attack,1.0,admin
688,2026-04-21 05:32:47.878534,csv,Signature Attack,1.0,admin
689,2026-04-21 05:33:05.168527,45.67.221.9,DDoS,1.0,system
690,2026-04-21 05:33:15.161003,103.56.98.22,Brute Force,1.0,system
691,2026-04-21 05:33:26.563931,csv,Signature Attack,1.0,admin
692,2026-04-21 05:33:26.582324,csv,Signature Attack,1.0,admin
693,2026-04-21 05:33:26.588883,csv,Signature Attack,1.0,admin
694,2026-04-21 05:33:26.599027,csv,Signature Attack,1.0,admin
695,2026-04-21 05:33:26.606237,csv,Signature Attack,1.0,admin
696,2026-04-21 05:33:26.615233,csv,Signature Attack,1.0,admin
697,2026-04-21 05:33:26.625723,csv,Signature Attack,1.0,admin
698,2026-04-21 05:33:26.633402,csv,Signature Attack,1.0,admin
699,2026-04-21 05:33:26.641529,csv,Signature Attack,1.0,admin
700,2026-04-21 05:33:26.650252,csv,Signature Attack,1.0,admin
701,2026-04-21 05:36:28.869169,csv,Signature Attack,1.0,admin
702,2026-04-21 05:36:28.886506,csv,Signature Attack,1.0,admin
703,2026-04-21 05:36:28.897044,csv,Signature Attack,1.0,admin
704,2026-04-21 05:36:28.905017,csv,Signature Attack,1.0,admin
705,2026-04-21 05:36:28.914937,csv,Signature Attack,1.0,admin
706,2026-04-21 05:36:28.922622,csv,Signature Attack,1.0,admin
707,2026-04-21 05:36:28.933077,csv,Signature Attack,1.0,admin
708,2026-04-21 05:36:28.944235,csv,Signature Attack,1.0,admin
709,2026-04-21 05:36:28.951179,csv,Signature Attack,1.0,admin
710,2026-04-21 05:36:28.961323,csv,Signature Attack,1.0,admin
711,2026-04-21 05:36:49.166530,csv,Signature Attack,1.0,admin
712,2026-04-21 05:36:49.185550,csv,Signature Attack,1.0,admin
713,2026-04-21 05:36:49.194207,csv,Signature Attack,1.0,admin
714,2026-04-21 05:36:49.203061,csv,Signature Attack,1.0,admin
715,2026-04-21 05:36:49.210159,csv,Signature Attack,1.0,admin
716,2026-04-21 05:36:57.776834,csv,Normal,0.12365112972407355,admin
717,2026-04-21 05:36:57.825992,csv,Normal,0.12505493685549568,admin
718,2026-04-21 05:36:57.867482,csv,Anomaly Attack,-0.26204377302639414,admin
719,2026-04-21 05:36:57.908347,csv,Anomaly Attack,-0.26204377302639414,admin
720,2026-04-21 05:36:57.918601,csv,Signature Attack,1.0,admin
721,2026-04-21 05:36:57.926016,csv,Signature Attack,1.0,admin
722,2026-04-21 05:36:57.960758,csv,Normal,0.12328328140946171,admin
723,2026-04-21 05:36:58.001484,csv,Anomaly Attack,-0.26204377302639414,admin
724,2026-04-21 05:37:20.441029,185.143.223.15,Brute Force,1.0,system
725,2026-04-21 05:37:30.461451,103.56.98.22,Brute Force,1.0,system
726,2026-04-21 05:37:40.446874,176.34.120.4,Malware Upload,1.0,system
727,2026-04-21 05:37:50.459838,176.34.120.4,SQL Injection,1.0,system
728,2026-04-21 05:38:00.454827,103.56.98.22,Brute Force,1.0,system
729,2026-04-21 05:38:10.484596,103.56.98.22,Port Scan,1.0,system
730,2026-04-21 05:38:44.450811,103.56.98.22,DDoS,1.0,system
731,2026-04-21 05:39:44.459999,185.143.223.15,SQL Injection,1.0,system
732,2026-04-21 05:40:44.467045,45.67.221.9,DDoS,1.0,system
733,2026-04-21 05:41:44.470979,185.143.223.15,SQL Injection,1.0,system
734,2026-04-21 05:42:44.468195,45.67.221.9,Malware Upload,1.0,system
735,2026-04-21 05:43:44.458891,176.34.120.4,Brute Force,1.0,system
736,2026-04-21 05:44:48.511321,csv,Normal,0.12365112972407355,admin
737,2026-04-21 05:44:48.563283,csv,Normal,0.12505493685549568,admin
738,2026-04-21 05:44:48.603681,csv,Anomaly Attack,-0.26204377302639414,admin
739,2026-04-21 05:44:48.644233,csv,Anomaly Attack,-0.26204377302639414,admin
740,2026-04-21 05:44:48.679131,csv,Normal,0.059669446450181574,admin
741,2026-04-21 05:44:48.717126,csv,Anomaly Attack,-0.13437888396828812,admin
742,2026-04-21 05:44:48.754993,csv,Normal,0.12328328140946171,admin
743,2026-04-21 05:44:48.793287,csv,Anomaly Attack,-0.26204377302639414,admin
744,2026-04-21 06:27:44.685979,csv,Anomaly Attack,-0.18994487493447443,admin
745,2026-04-21 06:27:44.734670,csv,Anomaly Attack,-0.18994487493447443,admin
746,2026-04-21 06:27:44.774950,csv,Anomaly Attack,-0.18994487493447443,admin
747,2026-04-21 06:27:44.814414,csv,Anomaly Attack,-0.18994487493447443,admin
748,2026-04-21 06:27:44.853697,csv,Anomaly Attack,-0.18994487493447443,admin
749,2026-04-21 06:27:44.892115,csv,Anomaly Attack,-0.18994487493447443,admin
750,2026-04-21 06:27:44.926671,csv,Anomaly Attack,-0.18994487493447443,admin
751,2026-04-21 06:27:44.965798,csv,Anomaly Attack,-0.18994487493447443,admin
752,2026-04-21 06:27:44.998221,csv,Anomaly Attack,-0.18994487493447443,admin
753,2026-04-21 06:27:45.035269,csv,Anomaly Attack,-0.18994487493447443,admin
754,2026-04-21 06:28:03.785496,csv,Anomaly Attack,-0.18994487493447443,admin
755,2026-04-21 06:28:03.836798,csv,Anomaly Attack,-0.18994487493447443,admin
756,2026-04-21 06:28:03.878085,csv,Anomaly Attack,-0.18994487493447443,admin
757,2026-04-21 06:28:03.920409,csv,Anomaly Attack,-0.18994487493447443,admin
758,2026-04-21 06:28:03.958693,csv,Anomaly Attack,-0.18994487493447443,admin
759,2026-04-21 06:28:03.999690,csv,Anomaly Attack,-0.18994487493447443,admin
760,2026-04-21 06:28:04.042699,csv,Anomaly Attack,-0.18994487493447443,admin
761,2026-04-21 06:28:04.084528,csv,Anomaly Attack,-0.18994487493447443,admin
762,2026-04-21 06:28:04.123597,csv,Anomaly Attack,-0.18994487493447443,admin
763,2026-04-21 06:28:04.162907,csv,Anomaly Attack,-0.18994487493447443,admin
764,2026-04-21 06:28:18.685752,csv,Anomaly Attack,-0.18994487493447443,admin
765,2026-04-21 06:28:18.756120,csv,Anomaly Attack,-0.18994487493447443,admin
766,2026-04-21 06:28:18.829154,csv,Anomaly Attack,-0.18994487493447443,admin
767,2026-04-21 06:28:18.898052,csv,Anomaly Attack,-0.18994487493447443,admin
768,2026-04-21 06:28:18.962141,csv,Anomaly Attack,-0.18994487493447443,admin
769,2026-04-21 06:28:35.086299,csv,Normal,0.12365112972407355,admin
770,2026-04-21 06:28:35.130234,csv,Normal,0.12505493685549568,admin
771,2026-04-21 06:28:35.165097,csv,Anomaly Attack,-0.26204377302639414,admin
772,2026-04-21 06:28:35.209949,csv,Anomaly Attack,-0.26204377302639414,admin
773,2026-04-21 06:28:35.248888,csv,Normal,0.059669446450181574,admin
774,2026-04-21 06:28:35.282878,csv,Anomaly Attack,-0.13437888396828812,admin
775,2026-04-21 06:28:35.314601,csv,Normal,0.12328328140946171,admin
776,2026-04-21 06:28:35.349425,csv,Anomaly Attack,-0.26204377302639414,admin
777,2026-04-21 06:28:48.634748,csv,Anomaly Attack,-0.18994487493447443,admin
778,2026-04-21 06:28:48.673328,csv,Anomaly Attack,-0.18994487493447443,admin
779,2026-04-21 06:28:48.707335,csv,Anomaly Attack,-0.18994487493447443,admin
780,2026-04-21 06:28:48.745291,csv,Anomaly Attack,-0.18994487493447443,admin
781,2026-04-21 06:28:48.780486,csv,Anomaly Attack,-0.18994487493447443,admin
782,2026-04-21 06:28:48.814482,csv,Anomaly Attack,-0.18994487493447443,admin
783,2026-04-21 06:28:48.850694,csv,Anomaly Attack,-0.18994487493447443,admin
784,2026-04-21 06:28:48.890059,csv,Anomaly Attack,-0.18994487493447443,admin
785,2026-04-21 06:28:48.921244,csv,Anomaly Attack,-0.18994487493447443,admin
786,2026-04-21 06:28:48.956455,csv,Anomaly Attack,-0.18994487493447443,admin
787,2026-04-21 06:29:11.616765,176.34.120.4,DDoS,1.0,system
788,2026-04-21 06:29:21.621901,103.56.98.22,SQL Injection,1.0,system
789,2026-04-21 06:29:31.612196,103.56.98.22,SQL Injection,1.0,system
790,2026-04-21 06:29:41.626604,185.143.223.15,DDoS,1.0,system
791,2026-04-21 06:29:51.621068,45.67.221.9,DDoS,1.0,system
792,2026-04-21 06:30:01.622953,176.34.120.4,Port Scan,1.0,system
793,2026-04-21 06:30:12.465053,176.34.120.4,Malware Upload,1.0,system
794,2026-04-21 06:30:32.722787,csv,Anomaly Attack,-0.2310259360992828,admin
795,2026-04-21 06:30:32.764595,csv,Anomaly Attack,-0.20948843422784313,admin
796,2026-04-21 06:30:32.803224,csv,Anomaly Attack,-0.2310259360992828,admin
797,2026-04-21 06:30:32.837906,csv,Anomaly Attack,-0.2310259360992828,admin
798,2026-04-21 06:30:32.873535,csv,Anomaly Attack,-0.2310259360992828,admin
799,2026-04-21 06:30:54.473806,45.67.221.9,Port Scan,1.0,system
800,2026-04-21 06:31:04.471160,185.143.223.15,Malware Upload,1.0,system
801,2026-04-21 06:31:14.476991,185.143.223.15,Port Scan,1.0,system
802,2026-04-21 06:31:24.476244,91.210.45.77,SQL Injection,1.0,system
803,2026-04-21 06:31:34.462838,185.143.223.15,DDoS,1.0,system
804,2026-04-21 06:31:44.468732,91.210.45.77,Malware Upload,1.0,system
805,2026-04-21 06:32:44.480060,103.56.98.22,DDoS,1.0,system
806,2026-04-21 06:33:44.482656,45.67.221.9,Brute Force,1.0,system
807,2026-04-21 06:34:44.475631,45.67.221.9,SQL Injection,1.0,system
808,2026-04-21 06:34:54.024013,45.67.221.9,SQL Injection,1.0,system
809,2026-04-21 06:35:02.547396,csv,Anomaly Attack,-0.18994487493447443,admin
810,2026-04-21 06:35:02.584183,csv,Anomaly Attack,-0.18994487493447443,admin
811,2026-04-21 06:35:02.627285,csv,Anomaly Attack,-0.18994487493447443,admin
812,2026-04-21 06:35:02.672081,csv,Anomaly Attack,-0.18994487493447443,admin
813,2026-04-21 06:35:02.709000,csv,Anomaly Attack,-0.18994487493447443,admin
814,2026-04-21 06:35:02.745412,csv,Anomaly Attack,-0.18994487493447443,admin
815,2026-04-21 06:35:02.784844,csv,Anomaly Attack,-0.18994487493447443,admin
816,2026-04-21 06:35:02.821129,csv,Anomaly Attack,-0.18994487493447443,admin
817,2026-04-21 06:35:02.856961,csv,Anomaly Attack,-0.18994487493447443,admin
818,2026-04-21 06:35:02.897327,csv,Anomaly Attack,-0.18994487493447443,admin
819,2026-04-21 06:43:47.493451,176.34.120.4,Malware Upload,1.0,system
820,2026-04-21 06:43:57.490639,176.34.120.4,Malware Upload,1.0,system
821,2026-04-21 06:44:07.482685,176.34.120.4,DDoS,1.0,system
822,2026-04-21 06:44:17.501636,185.143.223.15,DDoS,1.0,system
823,2026-04-21 06:44:27.477157,176.34.120.4,Port Scan,1.0,system
824,2026-04-21 06:44:37.475570,176.34.120.4,Port Scan,1.0,system
825,2026-04-21 06:44:54.087720,csv,Normal,-0.18994487493447443,admin
826,2026-04-21 06:44:54.127862,csv,Normal,-0.18994487493447443,admin
827,2026-04-21 06:44:54.165591,csv,Normal,-0.18994487493447443,admin
828,2026-04-21 06:44:54.204277,csv,Normal,-0.18994487493447443,admin
829,2026-04-21 06:44:54.238749,csv,Normal,-0.18994487493447443,admin
830,2026-04-21 06:44:54.275378,csv,Normal,-0.18994487493447443,admin
831,2026-04-21 06:44:54.315587,csv,Normal,-0.18994487493447443,admin
832,2026-04-21 06:44:54.351059,csv,Normal,-0.18994487493447443,admin
833,2026-04-21 06:44:54.390425,csv,Normal,-0.18994487493447443,admin
834,2026-04-21 06:44:54.428020,csv,Normal,-0.18994487493447443,admin
835,2026-04-21 06:45:10.267566,176.34.120.4,Brute Force,1.0,system
836,2026-04-21 06:45:20.278231,185.143.223.15,SQL Injection,1.0,system
837,2026-04-21 06:45:28.355875,csv,Normal,-0.18994487493447443,admin
838,2026-04-21 06:45:28.403912,csv,Normal,-0.18994487493447443,admin
839,2026-04-21 06:45:28.443071,csv,Normal,-0.18994487493447443,admin
840,2026-04-21 06:45:28.480828,csv,Normal,-0.18994487493447443,admin
841,2026-04-21 06:45:28.517314,csv,Normal,-0.18994487493447443,admin
842,2026-04-21 06:45:28.557958,csv,Normal,-0.18994487493447443,admin
843,2026-04-21 06:45:28.594800,csv,Normal,-0.18994487493447443,admin
844,2026-04-21 06:45:28.636910,csv,Normal,-0.18994487493447443,admin
845,2026-04-21 06:45:28.676312,csv,Normal,-0.18994487493447443,admin
846,2026-04-21 06:45:28.712046,csv,Normal,-0.18994487493447443,admin
847,2026-04-21 06:46:07.656646,176.34.120.4,Malware Upload,1.0,system
848,2026-04-21 06:46:17.660822,45.67.221.9,Brute Force,1.0,system
849,2026-04-21 06:46:28.471369,91.210.45.77,Malware Upload,1.0,system
850,2026-04-21 06:46:38.475774,103.56.98.22,Brute Force,1.0,system
851,2026-04-21 06:46:48.475218,185.143.223.15,Port Scan,1.0,system
852,2026-04-21 06:46:58.471201,91.210.45.77,SQL Injection,1.0,system
853,2026-04-21 06:47:08.460321,103.56.98.22,SQL Injection,1.0,system
854,2026-04-21 06:47:18.474786,185.143.223.15,Malware Upload,1.0,system
855,2026-04-21 06:47:28.467135,185.143.223.15,Port Scan,1.0,system
856,2026-04-21 06:47:38.472229,185.143.223.15,Brute Force,1.0,system
857,2026-04-21 06:47:48.470915,91.210.45.77,SQL Injection,1.0,system
858,2026-04-21 06:47:58.489943,103.56.98.22,Port Scan,1.0,system
859,2026-04-21 06:48:08.488430,91.210.45.77,SQL Injection,1.0,system
860,2026-04-21 06:48:26.057186,103.56.98.22,Malware Upload,1.0,system
861,2026-04-21 06:48:27.529756,185.143.223.15,Port Scan,1.0,system
862,2026-04-21 06:48:27.654973,91.210.45.77,Brute Force,1.0,system
863,2026-04-21 06:48:28.520298,91.210.45.77,Malware Upload,1.0,system
864,2026-04-21 06:48:29.385056,176.34.120.4,Port Scan,1.0,system
865,2026-04-21 06:48:29.719290,91.210.45.77,Malware Upload,1.0,system
866,2026-04-21 06:48:29.952471,185.143.223.15,SQL Injection,1.0,system
867,2026-04-21 06:48:30.617664,176.34.120.4,Malware Upload,1.0,system
868,2026-04-21 06:48:31.344840,103.56.98.22,DDoS,1.0,system
869,2026-04-21 06:48:32.121101,91.210.45.77,Port Scan,1.0,system
870,2026-04-21 06:48:33.069950,185.143.223.15,Port Scan,1.0,system
871,2026-04-21 06:48:37.662195,185.143.223.15,Brute Force,1.0,system
872,2026-04-21 06:48:48.475667,103.56.98.22,Port Scan,1.0,system
873,2026-04-21 06:48:58.472613,103.56.98.22,Port Scan,1.0,system
874,2026-04-21 06:49:08.474428,91.210.45.77,Malware Upload,1.0,system
875,2026-04-21 06:49:18.504419,185.143.223.15,Malware Upload,1.0,system
876,2026-04-21 06:49:28.469660,185.143.223.15,Brute Force,1.0,system
877,2026-04-21 06:49:38.476756,103.56.98.22,Brute Force,1.0,system
878,2026-04-21 06:50:32.059664,185.143.223.15,Brute Force,1.0,system
879,2026-04-21 06:50:38.483384,103.56.98.22,Port Scan,1.0,system
880,2026-04-21 06:50:48.475335,91.210.45.77,Brute Force,1.0,system
881,2026-04-21 06:50:58.474844,91.210.45.77,Port Scan,1.0,system
882,2026-04-21 06:51:08.480487,91.210.45.77,SQL Injection,1.0,system
883,2026-04-21 06:51:18.491141,45.67.221.9,Port Scan,1.0,system
884,2026-04-21 06:51:28.473410,103.56.98.22,DDoS,1.0,system
885,2026-04-21 06:51:44.477153,103.56.98.22,SQL Injection,1.0,system
886,2026-04-21 06:52:44.484239,176.34.120.4,Malware Upload,1.0,system
887,2026-04-21 06:53:18.060334,176.34.120.4,Malware Upload,1.0,system
888,2026-04-21 06:53:28.477515,176.34.120.4,DDoS,1.0,system
889,2026-04-21 06:53:38.486173,176.34.120.4,DDoS,1.0,system
890,2026-04-21 06:53:48.484684,91.210.45.77,Malware Upload,1.0,system
891,2026-04-21 06:53:58.485033,91.210.45.77,DDoS,1.0,system
892,2026-04-21 06:54:25.598005,176.34.120.4,Port Scan,1.0,system
893,2026-04-21 06:54:36.508142,45.67.221.9,SQL Injection,1.0,system
894,2026-04-21 06:54:46.500383,176.34.120.4,Brute Force,1.0,system
895,2026-04-21 06:54:56.495202,103.56.98.22,Port Scan,1.0,system
896,2026-04-21 06:55:06.478693,185.143.223.15,Port Scan,1.0,system
897,2026-04-21 06:55:16.471570,185.143.223.15,SQL Injection,1.0,system
898,2026-04-21 06:55:26.465346,103.56.98.22,Brute Force,1.0,system
899,2026-04-21 06:55:44.510726,176.34.120.4,Port Scan,1.0,system
900,2026-04-21 06:56:44.470943,45.67.221.9,Port Scan,1.0,system
901,2026-04-21 06:57:44.468456,103.56.98.22,DDoS,1.0,system
902,2026-04-21 06:58:44.467225,176.34.120.4,SQL Injection,1.0,system
903,2026-04-21 06:59:44.468265,176.34.120.4,DDoS,1.0,system
904,2026-04-21 07:00:44.473433,45.67.221.9,Malware Upload,1.0,system
905,2026-04-21 07:01:44.479223,91.210.45.77,Port Scan,1.0,system
906,2026-04-21 07:02:44.493827,185.143.223.15,Port Scan,1.0,system
907,2026-04-21 07:03:44.483620,91.210.45.77,Brute Force,1.0,system
908,2026-04-21 07:04:44.474979,103.56.98.22,Port Scan,1.0,system
909,2026-04-21 07:06:17.969517,csv,Normal,-0.18994487493447443,admin
910,2026-04-21 07:06:18.011583,csv,Normal,-0.18994487493447443,admin
911,2026-04-21 07:06:18.053816,csv,Normal,-0.18994487493447443,admin
912,2026-04-21 07:06:18.092503,csv,Normal,-0.18994487493447443,admin
913,2026-04-21 07:06:18.131264,csv,Normal,-0.18994487493447443,admin
914,2026-04-21 07:06:18.163389,csv,Normal,-0.18994487493447443,admin
915,2026-04-21 07:06:18.200375,csv,Normal,-0.18994487493447443,admin
916,2026-04-21 07:06:18.233633,csv,Normal,-0.18994487493447443,admin
917,2026-04-21 07:06:18.268912,csv,Normal,-0.18994487493447443,admin
918,2026-04-21 07:06:18.304095,csv,Normal,-0.18994487493447443,admin
919,2026-04-21 07:06:31.217441,103.56.98.22,DDoS,1.0,system
920,2026-04-21 07:07:50.727290,45.67.221.9,Malware Upload,1.0,system
921,2026-04-21 07:07:53.862787,176.34.120.4,Brute Force,1.0,system
922,2026-04-21 07:08:04.483526,45.67.221.9,Brute Force,1.0,system
923,2026-04-21 07:08:14.481434,91.210.45.77,Brute Force,1.0,system
924,2026-04-21 07:08:24.470736,103.56.98.22,DDoS,1.0,system
925,2026-04-21 07:08:34.497549,103.56.98.22,Brute Force,1.0,system
926,2026-04-21 07:08:44.489989,45.67.221.9,Port Scan,1.0,system
927,2026-04-21 07:08:54.485183,176.34.120.4,Brute Force,1.0,system
928,2026-04-21 07:09:44.493562,91.210.45.77,Port Scan,1.0,system
929,2026-04-21 07:09:57.773656,45.67.221.9,SQL Injection,1.0,system
930,2026-04-21 07:10:07.771130,91.210.45.77,Port Scan,1.0,system
931,2026-04-21 07:10:17.772674,185.143.223.15,DDoS,1.0,system
932,2026-04-21 07:10:28.475984,176.34.120.4,DDoS,1.0,system
933,2026-04-21 07:10:38.491706,45.67.221.9,DDoS,1.0,system
934,2026-04-21 07:10:48.503269,176.34.120.4,Brute Force,1.0,system
935,2026-04-21 07:10:58.493927,185.143.223.15,DDoS,1.0,system
936,2026-04-21 07:11:08.521462,185.143.223.15,Malware Upload,1.0,system
937,2026-04-21 07:11:18.487211,91.210.45.77,Malware Upload,1.0,system
938,2026-04-21 07:11:44.520267,45.67.221.9,Brute Force,1.0,system
939,2026-04-21 07:12:44.504332,91.210.45.77,Port Scan,1.0,system
940,2026-04-21 07:13:44.506718,185.143.223.15,SQL Injection,1.0,system
941,2026-04-21 07:13:57.450745,91.210.45.77,Malware Upload,1.0,system
942,2026-04-21 07:14:18.414614,185.143.223.15,Port Scan,1.0,system
943,2026-04-21 08:17:04.799273,91.210.45.77,DDoS,1.0,system
944,2026-04-21 08:17:17.846506,csv,Normal,0.12365112972407355,admin
945,2026-04-21 08:17:17.891936,csv,Normal,0.12505493685549568,admin
946,2026-04-21 08:17:17.927616,csv,Anomaly Attack,-0.26204377302639414,admin
947,2026-04-21 08:17:17.968106,csv,Anomaly Attack,-0.26204377302639414,admin
948,2026-04-21 08:17:18.004873,csv,Normal,0.059669446450181574,admin
949,2026-04-21 08:17:18.042290,csv,Normal,-0.13437888396828812,admin
950,2026-04-21 08:17:18.081228,csv,Normal,0.12328328140946171,admin
951,2026-04-21 08:17:18.119348,csv,Anomaly Attack,-0.26204377302639414,admin
952,2026-04-21 08:18:15.316623,103.56.98.22,DDoS,1.0,system
953,2026-04-21 08:18:21.825316,176.34.120.4,Malware Upload,1.0,system
954,2026-04-21 08:18:32.495664,45.67.221.9,Malware Upload,1.0,system
955,2026-04-21 08:18:41.816808,45.67.221.9,Port Scan,1.0,system
956,2026-04-21 08:18:52.526431,45.67.221.9,Brute Force,1.0,system
957,2026-04-21 08:19:02.512454,91.210.45.77,Port Scan,1.0,system
958,2026-04-21 08:19:12.518305,45.67.221.9,SQL Injection,1.0,system
959,2026-04-21 08:21:34.920583,csv,Normal,-0.18994487493447443,admin
960,2026-04-21 08:21:34.962106,csv,Normal,-0.18994487493447443,admin
961,2026-04-21 08:21:34.999009,csv,Normal,-0.18994487493447443,admin
962,2026-04-21 08:21:35.032070,csv,Normal,-0.18994487493447443,admin
963,2026-04-21 08:21:35.067889,csv,Normal,-0.18994487493447443,admin
964,2026-04-21 08:21:35.105810,csv,Normal,-0.18994487493447443,admin
965,2026-04-21 08:21:35.141299,csv,Normal,-0.18994487493447443,admin
966,2026-04-21 08:21:35.176989,csv,Normal,-0.18994487493447443,admin
967,2026-04-21 08:21:35.215245,csv,Normal,-0.18994487493447443,admin
968,2026-04-21 08:21:35.252118,csv,Normal,-0.18994487493447443,admin
969,2026-04-21 08:30:49.562896,csv,Normal,-0.18994487493447443,admin
970,2026-04-21 08:30:49.614569,csv,Normal,-0.18994487493447443,admin
971,2026-04-21 08:30:49.668589,csv,Normal,-0.18994487493447443,admin
972,2026-04-21 08:30:49.710761,csv,Normal,-0.18994487493447443,admin
973,2026-04-21 08:30:49.751887,csv,Normal,-0.18994487493447443,admin
974,2026-04-21 08:30:49.799964,csv,Normal,-0.18994487493447443,admin
975,2026-04-21 08:30:49.840955,csv,Normal,-0.18994487493447443,admin
976,2026-04-21 08:30:49.882583,csv,Normal,-0.18994487493447443,admin
977,2026-04-21 08:30:49.920359,csv,Normal,-0.18994487493447443,admin
978,2026-04-21 08:30:49.969438,csv,Normal,-0.18994487493447443,admin
979,2026-04-21 09:36:45.349596,csv,Normal,-0.18994487493447443,admin
980,2026-04-21 09:36:45.391450,csv,Normal,-0.18994487493447443,admin
981,2026-04-21 09:36:45.430616,csv,Normal,-0.18994487493447443,admin
982,2026-04-21 09:36:45.473769,csv,Normal,-0.18994487493447443,admin
983,2026-04-21 09:36:45.516920,csv,Normal,-0.18994487493447443,admin
984,2026-04-21 09:36:45.555824,csv,Normal,-0.18994487493447443,admin
985,2026-04-21 09:36:45.594766,csv,Normal,-0.18994487493447443,admin
986,2026-04-21 09:36:45.630062,csv,Normal,-0.18994487493447443,admin
987,2026-04-21 09:36:45.667392,csv,Normal,-0.18994487493447443,admin
988,2026-04-21 09:36:45.701033,csv,Normal,-0.18994487493447443,admin
989,2026-04-21 11:31:56.476816,manual,Normal,0.10467035279527237,admin
990,2026-04-21 11:32:19.789137,csv,Normal,0.12365112972407355,admin
991,2026-04-21 11:32:19.831352,csv,Normal,0.12505493685549568,admin
992,2026-04-21 11:32:19.875176,csv,Anomaly Attack,-0.26204377302639414,admin
993,2026-04-21 11:32:19.916620,csv,Anomaly Attack,-0.26204377302639414,admin
994,2026-04-21 11:32:19.960888,csv,Normal,0.059669446450181574,admin
995,2026-04-21 11:32:19.995781,csv,Normal,-0.13437888396828812,admin
996,2026-04-21 11:32:20.034801,csv,Normal,0.12328328140946171,admin
997,2026-04-21 11:32:20.075395,csv,Anomaly Attack,-0.26204377302639414,admin
998,2026-04-21 11:32:38.296199,csv,Normal,-0.18994487493447443,admin
999,2026-04-21 11:32:38.337639,csv,Normal,-0.18994487493447443,admin
1000,2026-04-21 11:32:38.380864,csv,Normal,-0.18994487493447443,admin
1001,2026-04-21 11:32:38.435442,csv,Normal,-0.18994487493447443,admin
1002,2026-04-21 11:32:38.477016,csv,Normal,-0.18994487493447443,admin
1003,2026-04-23 13:17:49.716489,csv,Normal,0.12365112972407355,admin
1004,2026-04-23 13:17:49.768207,csv,Normal,0.12505493685549568,admin
1005,2026-04-23 13:17:49.810106,csv,Anomaly Attack,-0.26204377302639414,admin
1006,2026-04-23 13:17:49.855952,csv,Anomaly Attack,-0.26204377302639414,admin
1007,2026-04-23 13:17:49.902130,csv,Normal,0.059669446450181574,admin
1008,2026-04-23 13:17:49.945767,csv,Normal,-0.13437888396828812,admin
1009,2026-04-23 13:17:49.995327,csv,Normal,0.12328328140946171,admin
1010,2026-04-23 13:17:50.048776,csv,Anomaly Attack,-0.26204377302639414,admin
1011,2026-04-23 13:18:12.869372,csv,Normal,-0.18994487493447443,admin
1012,2026-04-23 13:18:12.925441,csv,Normal,-0.18994487493447443,admin
1013,2026-04-23 13:18:12.962672,csv,Normal,-0.18994487493447443,admin
1014,2026-04-23 13:18:13.010769,csv,Normal,-0.18994487493447443,admin
1015,2026-04-23 13:18:13.059999,csv,Normal,-0.18994487493447443,admin
1016,2026-04-29 16:22:07.980950,csv,Normal,0.12365112972407355,admin
1017,2026-04-29 16:22:08.044158,csv,Normal,0.12505493685549568,admin
1018,2026-04-29 16:22:08.087338,csv,Anomaly Attack,-0.26204377302639414,admin
1019,2026-04-29 16:22:08.124689,csv,Anomaly Attack,-0.26204377302639414,admin
1020,2026-04-29 16:22:08.161729,csv,Normal,0.059669446450181574,admin
1021,2026-04-29 16:22:08.195424,csv,Normal,-0.13437888396828812,admin
1022,2026-04-29 16:22:08.233367,csv,Normal,0.12328328140946171,admin
1023,2026-04-29 16:22:08.264509,csv,Anomaly Attack,-0.26204377302639414,admin
1024,2026-04-29 18:14:56.734353,csv,Error,0.0,admin
1025,2026-04-29 18:14:56.746360,csv,Error,0.0,admin
1026,2026-04-29 18:14:56.756588,csv,Error,0.0,admin
1027,2026-04-29 18:14:56.765902,csv,Error,0.0,admin
1028,2026-04-29 18:14:56.778115,csv,Error,0.0,admin
1029,2026-04-29 18:14:56.789542,csv,Error,0.0,admin
1030,2026-04-29 18:14:56.799065,csv,Error,0.0,admin
1031,2026-04-29 18:14:56.810198,csv,Error,0.0,admin
1032,2026-04-29 18:18:29.626133,manual,Error,0.0,admin
1033,2026-04-29 18:23:28.956130,csv,Error,0.0,admin
1034,2026-04-29 18:23:28.967142,csv,Error,0.0,admin
1035,2026-04-29 18:23:28.977212,csv,Error,0.0,admin
1036,2026-04-29 18:23:28.990262,csv,Error,0.0,admin
1037,2026-04-29 18:23:29.003308,csv,Error,0.0,admin
1038,2026-04-29 18:31:46.141642,csv,Invalid Input,0.0,admin
1039,2026-04-29 18:31:46.152979,csv,Invalid Input,0.0,admin
1040,2026-04-29 18:31:46.162095,csv,Invalid Input,0.0,admin
1041,2026-04-29 18:31:46.171382,csv,Invalid Input,0.0,admin
1042,2026-04-29 18:31:46.179290,csv,Invalid Input,0.0,admin
1043,2026-04-29 18:31:46.188421,csv,Invalid Input,0.0,admin
1044,2026-04-29 18:31:46.195956,csv,Invalid Input,0.0,admin
1045,2026-04-29 18:31:46.204857,csv,Invalid Input,0.0,admin
1046,2026-04-29 18:32:07.059040,csv,Invalid Input,0.0,admin
1047,2026-04-29 18:32:07.077881,csv,Invalid Input,0.0,admin
1048,2026-04-29 18:32:07.088049,csv,Invalid Input,0.0,admin
1049,2026-04-29 18:32:07.096562,csv,Invalid Input,0.0,admin
1050,2026-04-29 18:32:07.106602,csv,Invalid Input,0.0,admin
1051,2026-04-29 18:32:19.080211,csv,Invalid Input,0.0,admin
1052,2026-04-29 18:32:19.096911,csv,Invalid Input,0.0,admin
1053,2026-04-29 18:32:19.107208,csv,Invalid Input,0.0,admin
1054,2026-04-29 18:32:19.114464,csv,Invalid Input,0.0,admin
1055,2026-04-29 18:32:19.123597,csv,Invalid Input,0.0,admin
1056,2026-04-29 18:32:31.388990,csv,Invalid Input,0.0,admin
1057,2026-04-29 18:32:31.409381,csv,Invalid Input,0.0,admin
1058,2026-04-29 18:32:31.420739,csv,Invalid Input,0.0,admin
1059,2026-04-29 18:32:31.430398,csv,Invalid Input,0.0,admin
1060,2026-04-29 18:32:31.441705,csv,Invalid Input,0.0,admin
1061,2026-04-29 18:32:31.452906,csv,Invalid Input,0.0,admin
1062,2026-04-29 18:32:31.461875,csv,Invalid Input,0.0,admin
1063,2026-04-29 18:32:31.472906,csv,Invalid Input,0.0,admin
1064,2026-04-29 18:32:31.482430,csv,Invalid Input,0.0,admin
1065,2026-04-29 18:32:31.493555,csv,Invalid Input,0.0,admin
